row_id,order_id,order_date,ship_date,ship_mode,customer_id,customer_name,segment,country_region,city,state,postal_code,region,product_id,category,sub_category,product_name,sales,quantity,discount,profit
266,CA-2019-155040,2019-11-10,2019-11-15,Standard Class,AH-10210,Alan Hwang,Consumer,United States,Brentwood,California,94513,West,TEC-AC-10004469,Technology,Accessories,Microsoft Sculpt Comfort Mouse,79.9,2,0,35.156000000000006
941,CA-2020-105760,2020-06-19,2020-06-20,First Class,KC-16255,Karen Carlisle,Corporate,United States,San Francisco,California,94110,West,OFF-PA-10000350,Office Supplies,Paper,"Message Book, Standard Line ""While You Were Out"", 5 1/2"" X 4"", 200 Sets/Book",17.12,2,0,8.0464
1420,CA-2019-124800,2019-09-26,2019-09-30,Standard Class,RW-19540,Rick Wilson,Corporate,United States,Mesa,Arizona,85204,West,OFF-PA-10000501,Office Supplies,Paper,Petty Cash Envelope,86.272,4,0.2,31.2736
1421,CA-2019-124800,2019-09-26,2019-09-30,Standard Class,RW-19540,Rick Wilson,Corporate,United States,Mesa,Arizona,85204,West,OFF-BI-10000778,Office Supplies,Binders,GBC VeloBinder Electric Binding Machine,72.58800000000001,2,0.7,-48.39199999999998
1422,CA-2019-124800,2019-09-26,2019-09-30,Standard Class,RW-19540,Rick Wilson,Corporate,United States,Mesa,Arizona,85204,West,OFF-AP-10004980,Office Supplies,Appliances,3M Replacement Filter for Office Air Cleaner for 20' x 33' Room,60.672000000000004,2,0.2,14.409600000000003
1423,CA-2019-124800,2019-09-26,2019-09-30,Standard Class,RW-19540,Rick Wilson,Corporate,United States,Mesa,Arizona,85204,West,OFF-BI-10003984,Office Supplies,Binders,Lock-Up Easel 'Spel-Binder',77.031,9,0.7,-59.057100000000005
1424,CA-2019-124800,2019-09-26,2019-09-30,Standard Class,RW-19540,Rick Wilson,Corporate,United States,Mesa,Arizona,85204,West,OFF-ST-10000798,Office Supplies,Storage,2300 Heavy-Duty Transfer File Systems by Perma,119.90400000000001,6,0.2,-1.4988000000000135
1425,CA-2019-124800,2019-09-26,2019-09-30,Standard Class,RW-19540,Rick Wilson,Corporate,United States,Mesa,Arizona,85204,West,TEC-PH-10001750,Technology,Phones,Samsung Rugby III,263.96000000000004,5,0.2,23.096500000000006
1426,CA-2019-124800,2019-09-26,2019-09-30,Standard Class,RW-19540,Rick Wilson,Corporate,United States,Mesa,Arizona,85204,West,OFF-ST-10002743,Office Supplies,Storage,SAFCO Boltless Steel Shelving,363.648,4,0.2,-86.36640000000003
1442,CA-2021-128160,2021-12-19,2021-12-24,Second Class,MM-17920,Michael Moore,Consumer,United States,San Francisco,California,94110,West,OFF-BI-10001510,Office Supplies,Binders,Deluxe Heavy-Duty Vinyl Round Ring Binder,36.672000000000004,2,0.2,11.459999999999999
1674,CA-2019-150560,2019-12-11,2019-12-12,First Class,SW-20455,Shaun Weien,Consumer,United States,Suffolk,Virginia,23434,South,OFF-LA-10003930,Office Supplies,Labels,"Dot Matrix Printer Tape Reel Labels, White, 5000/Box",196.62,2,0,96.3438
2140,CA-2018-159520,2018-06-06,2018-06-11,Standard Class,GT-14635,Grant Thornton,Corporate,United States,Long Beach,New York,11561,East,OFF-BI-10003982,Office Supplies,Binders,Wilson Jones Century Plastic Molded Ring Binders,149.54399999999998,9,0.2,50.47109999999999
2141,CA-2018-159520,2018-06-06,2018-06-11,Standard Class,GT-14635,Grant Thornton,Corporate,United States,Long Beach,New York,11561,East,OFF-SU-10001664,Office Supplies,Supplies,Acme Office Executive Series Stainless Steel Trimmers,17.14,2,0,4.4564
2142,CA-2018-159520,2018-06-06,2018-06-11,Standard Class,GT-14635,Grant Thornton,Corporate,United States,Long Beach,New York,11561,East,FUR-TA-10003238,Furniture,Tables,"Chromcraft Bull-Nose Wood 48"" x 96"" Rectangular Conference Tables",991.7640000000001,3,0.4,-347.1174000000001
2152,CA-2018-167360,2018-11-24,2018-11-29,Second Class,RB-19435,Richard Bierner,Consumer,United States,Saint Louis,Missouri,63116,Central,TEC-AC-10001772,Technology,Accessories,Memorex Mini Travel Drive 16 GB USB 2.0 Flash Drive,111.79,7,0,43.5981
2390,US-2019-127040,2019-12-06,2019-12-10,Standard Class,SG-20605,Speros Goranitis,Consumer,United States,New York City,New York,10009,East,OFF-PA-10004255,Office Supplies,Paper,Xerox 219,6.48,1,0,3.1104000000000003
2391,US-2019-127040,2019-12-06,2019-12-10,Standard Class,SG-20605,Speros Goranitis,Consumer,United States,New York City,New York,10009,East,OFF-PA-10001184,Office Supplies,Paper,Xerox 1903,41.86,7,0,20.511400000000002
2392,US-2019-127040,2019-12-06,2019-12-10,Standard Class,SG-20605,Speros Goranitis,Consumer,United States,New York City,New York,10009,East,TEC-AC-10002637,Technology,Accessories,Logitech VX Revolution Cordless Laser Mouse for Notebooks (Black),1619.91,9,0,97.19459999999992
2393,US-2019-127040,2019-12-06,2019-12-10,Standard Class,SG-20605,Speros Goranitis,Consumer,United States,New York City,New York,10009,East,FUR-FU-10002878,Furniture,Furnishings,"Seth Thomas 14"" Day/Date Wall Clock",113.92,4,0,42.150400000000005
3031,CA-2019-168480,2019-09-21,2019-09-27,Standard Class,DM-12955,Dario Medina,Corporate,United States,Lincoln Park,Michigan,48146,Central,FUR-BO-10000468,Furniture,Bookcases,O'Sullivan 2-Shelf Heavy-Duty Bookcases,194.32,4,0,31.091200000000015
3032,CA-2019-168480,2019-09-21,2019-09-27,Standard Class,DM-12955,Dario Medina,Corporate,United States,Lincoln Park,Michigan,48146,Central,OFF-AR-10001044,Office Supplies,Art,"BOSTON Ranger #55 Pencil Sharpener, Black",25.99,1,0,7.537099999999999
3200,CA-2021-164000,2021-12-18,2021-12-22,Standard Class,AH-10030,Aaron Hawkins,Corporate,United States,Philadelphia,Pennsylvania,19134,East,OFF-AR-10003183,Office Supplies,Art,Avery Fluorescent Highlighter Four-Color Set,18.704,7,0.2,2.3379999999999983
3218,CA-2021-104640,2021-11-10,2021-11-16,Standard Class,FH-14275,Frank Hawley,Corporate,United States,New York City,New York,10024,East,OFF-BI-10003925,Office Supplies,Binders,Fellowes PB300 Plastic Comb Binding Machine,931.1760000000002,3,0.2,314.2719
3219,CA-2021-104640,2021-11-10,2021-11-16,Standard Class,FH-14275,Frank Hawley,Corporate,United States,New York City,New York,10024,East,TEC-PH-10002200,Technology,Phones,Aastra 6757i CT Wireless VoIP phone,430.88,2,0,124.95519999999999
3268,CA-2018-143840,2018-05-22,2018-05-29,Standard Class,EH-14185,Evan Henry,Consumer,United States,Decatur,Alabama,35601,South,TEC-PH-10002660,Technology,Phones,Nortel Networks T7316 E Nt8 B27,135.98,2,0,33.995000000000005
3269,CA-2018-143840,2018-05-22,2018-05-29,Standard Class,EH-14185,Evan Henry,Consumer,United States,Decatur,Alabama,35601,South,TEC-PH-10003171,Technology,Phones,Plantronics Encore H101 Dual Earpieces Headset,44.95,1,0,12.585999999999999
3698,CA-2019-151680,2019-11-19,2019-11-21,Second Class,TC-21475,Tony Chapman,Home Office,United States,Seattle,Washington,98115,West,FUR-FU-10000305,Furniture,Furnishings,"Tenex V2T-RE Standard Weight Series Chair Mat, 45"" x 53"", Lip 25"" x 12""",141.96,2,0,22.7136
4152,CA-2021-100160,2021-09-07,2021-09-11,Standard Class,CB-12025,Cassandra Brandow,Consumer,United States,Philadelphia,Pennsylvania,19134,East,OFF-LA-10002475,Office Supplies,Labels,Avery 519,29.24,5,0.2,9.868500000000001
4153,CA-2021-100160,2021-09-07,2021-09-11,Standard Class,CB-12025,Cassandra Brandow,Consumer,United States,Philadelphia,Pennsylvania,19134,East,OFF-PA-10003072,Office Supplies,Paper,"Eureka Recycled Copy Paper 8 1/2"" x 11"", Ream",15.552000000000003,3,0.2,5.4432
4154,CA-2021-100160,2021-09-07,2021-09-11,Standard Class,CB-12025,Cassandra Brandow,Consumer,United States,Philadelphia,Pennsylvania,19134,East,OFF-EN-10001509,Office Supplies,Envelopes,Poly String Tie Envelopes,4.896000000000001,3,0.2,1.6523999999999992
4704,CA-2020-166240,2020-06-24,2020-06-28,Standard Class,DH-13075,Dave Hallsten,Corporate,United States,Houston,Texas,77095,Central,OFF-AP-10002082,Office Supplies,Appliances,Holmes HEPA Air Purifier,8.711999999999998,2,0.8,-19.602000000000007
5329,CA-2019-120320,2019-03-05,2019-03-09,Standard Class,MV-18190,Mike Vittorini,Consumer,United States,Houston,Texas,77036,Central,TEC-PH-10000149,Technology,Phones,Cisco SPA525G2 IP Phone - Wireless,31.92,2,0.2,2.3939999999999984
5700,CA-2021-148320,2021-11-03,2021-11-08,Standard Class,PG-18895,Paul Gonzalez,Consumer,United States,San Francisco,California,94109,West,OFF-PA-10003022,Office Supplies,Paper,Xerox 1992,35.88,6,0,17.581200000000003
5707,CA-2021-136000,2021-09-22,2021-09-25,Second Class,SC-20440,Shaun Chance,Corporate,United States,New York City,New York,10009,East,OFF-BI-10004828,Office Supplies,Binders,GBC Poly Designer Binding Covers,40.176,3,0.2,14.563799999999997
5900,CA-2021-108000,2021-01-12,2021-01-16,Standard Class,LS-16945,Linda Southworth,Corporate,United States,San Francisco,California,94110,West,OFF-EN-10002621,Office Supplies,Envelopes,Staple envelope,9.78,1,0,4.89
6129,US-2018-158400,2018-10-25,2018-10-28,First Class,AH-10030,Aaron Hawkins,Corporate,United States,San Francisco,California,94109,West,OFF-BI-10002353,Office Supplies,Binders,GBC VeloBind Cover Sets,49.408,4,0.2,18.528
6807,CA-2021-162880,2021-12-25,2021-12-29,Standard Class,GD-14590,Giulietta Dortch,Corporate,United States,Everett,Washington,98208,West,OFF-BI-10003314,Office Supplies,Binders,Tuff Stuff Recycled Round Ring Binders,3.8560000000000003,1,0.2,1.3978000000000002
7775,CA-2020-152800,2020-04-13,2020-04-15,First Class,SP-20920,Susan Pistek,Consumer,United States,San Francisco,California,94109,West,OFF-EN-10001509,Office Supplies,Envelopes,Poly String Tie Envelopes,6.12,3,0,2.8763999999999994
8047,CA-2020-113600,2020-12-15,2020-12-17,Second Class,SH-20395,Shahid Hopkins,Consumer,United States,Cuyahoga Falls,Ohio,44221,East,OFF-BI-10000201,Office Supplies,Binders,"Avery Triangle Shaped Sheet Lifters, Black, 2/Pack",2.2140000000000004,3,0.7,-1.4760000000000004
8405,CA-2021-140480,2021-07-08,2021-07-12,Standard Class,HE-14800,Harold Engle,Corporate,United States,Newark,Delaware,19711,East,FUR-FU-10003247,Furniture,Furnishings,36X48 HARDFLOOR CHAIRMAT,83.92,4,0,5.874399999999994
8406,CA-2021-140480,2021-07-08,2021-07-12,Standard Class,HE-14800,Harold Engle,Corporate,United States,Newark,Delaware,19711,East,TEC-AC-10002473,Technology,Accessories,Maxell 4.7GB DVD-R,141.9,5,0,58.179
8407,CA-2021-140480,2021-07-08,2021-07-12,Standard Class,HE-14800,Harold Engle,Corporate,United States,Newark,Delaware,19711,East,FUR-FU-10001057,Furniture,Furnishings,Tensor Track Tree Floor Lamp,39.98,2,0,9.1954
8408,CA-2021-140480,2021-07-08,2021-07-12,Standard Class,HE-14800,Harold Engle,Corporate,United States,Newark,Delaware,19711,East,OFF-AR-10001419,Office Supplies,Art,Newell 325,28.91,7,0,8.672999999999998
8409,CA-2021-140480,2021-07-08,2021-07-12,Standard Class,HE-14800,Harold Engle,Corporate,United States,Newark,Delaware,19711,East,OFF-AR-10004010,Office Supplies,Art,Hunt Boston Vacuum Mount KS Pencil Sharpener,174.95000000000002,5,0,45.487
8477,CA-2021-134880,2021-10-27,2021-11-01,Standard Class,TW-21025,Tamara Willingham,Home Office,United States,Mesa,Arizona,85204,West,OFF-PA-10004039,Office Supplies,Paper,Xerox 1882,44.784,1,0.2,16.2342
8506,CA-2020-130400,2020-03-08,2020-03-12,Standard Class,SJ-20125,Sanjit Jacobs,Home Office,United States,Dallas,Texas,75217,Central,OFF-BI-10001757,Office Supplies,Binders,Pressboard Hanging Data Binders for Unburst Sheets,8.855999999999998,9,0.8,-14.169600000000003
8507,CA-2020-130400,2020-03-08,2020-03-12,Standard Class,SJ-20125,Sanjit Jacobs,Home Office,United States,Dallas,Texas,75217,Central,TEC-AC-10004633,Technology,Accessories,"Verbatim 25 GB 6x Blu-ray Single Layer Recordable Disc, 3/Pack",27.96,5,0.2,8.388000000000003
8508,CA-2020-130400,2020-03-08,2020-03-12,Standard Class,SJ-20125,Sanjit Jacobs,Home Office,United States,Dallas,Texas,75217,Central,OFF-EN-10001453,Office Supplies,Envelopes,"Tyvek Interoffice Envelopes, 9 1/2"" x 12 1/2"", 100/Box",146.352,3,0.2,49.39379999999999
8963,CA-2020-157280,2020-11-05,2020-11-07,First Class,LW-17125,Liz Willingham,Consumer,United States,Virginia Beach,Virginia,23464,South,FUR-FU-10004665,Furniture,Furnishings,"3M Polarizing Task Lamp with Clamp Arm, Light Gray",273.96,2,0,71.2296
8964,CA-2020-157280,2020-11-05,2020-11-07,First Class,LW-17125,Liz Willingham,Consumer,United States,Virginia Beach,Virginia,23464,South,TEC-AC-10000057,Technology,Accessories,Microsoft Natural Ergonomic Keyboard 4000,89.97,3,0,18.893699999999995
8965,CA-2020-157280,2020-11-05,2020-11-07,First Class,LW-17125,Liz Willingham,Consumer,United States,Virginia Beach,Virginia,23464,South,FUR-FU-10003806,Furniture,Furnishings,"Tenex Chairmat w/ Average Lip, 45"" x 53""",756.8000000000001,5,0,75.67999999999998
9459,CA-2018-138240,2018-10-09,2018-10-14,Standard Class,SJ-20500,Shirley Jackson,Consumer,United States,San Francisco,California,94122,West,OFF-AR-10002135,Office Supplies,Art,Boston Heavy-Duty Trimline Electric Pencil Sharpeners,144.60000000000002,3,0,41.93399999999998
9460,CA-2018-138240,2018-10-09,2018-10-14,Standard Class,SJ-20500,Shirley Jackson,Consumer,United States,San Francisco,California,94122,West,TEC-PH-10002583,Technology,Phones,iOttie HLCRIO102 Car Mount,15.991999999999999,1,0.2,-2.998500000000002
9559,CA-2020-129280,2020-05-03,2020-05-05,First Class,SM-20905,Susan MacKendrick,Consumer,United States,Newark,Ohio,43055,East,TEC-AC-10003832,Technology,Accessories,Imation 16GB Mini TravelDrive USB 2.0 Flash Drive,132.52000000000004,5,0.2,34.786500000000004
9560,CA-2020-129280,2020-05-03,2020-05-05,First Class,SM-20905,Susan MacKendrick,Consumer,United States,Newark,Ohio,43055,East,OFF-ST-10002554,Office Supplies,Storage,Tennsco Industrial Shelving,195.64,5,0.2,-44.01899999999999
9561,CA-2020-129280,2020-05-03,2020-05-05,First Class,SM-20905,Susan MacKendrick,Consumer,United States,Newark,Ohio,43055,East,FUR-FU-10001876,Furniture,Furnishings,"Computer Room Manger, 14""",51.967999999999996,2,0.2,10.393599999999998
9562,CA-2020-129280,2020-05-03,2020-05-05,First Class,SM-20905,Susan MacKendrick,Consumer,United States,Newark,Ohio,43055,East,TEC-AC-10002637,Technology,Accessories,Logitech VX Revolution Cordless Laser Mouse for Notebooks (Black),431.97600000000006,3,0.2,-75.59580000000004
9563,CA-2020-129280,2020-05-03,2020-05-05,First Class,SM-20905,Susan MacKendrick,Consumer,United States,Newark,Ohio,43055,East,TEC-MA-10003589,Technology,Machines,Cisco 8961 IP Phone Charcoal,224.93700000000004,3,0.7,-164.9538
9564,CA-2020-129280,2020-05-03,2020-05-05,First Class,SM-20905,Susan MacKendrick,Consumer,United States,Newark,Ohio,43055,East,OFF-LA-10000081,Office Supplies,Labels,Avery 496,6,2,0.2,2.0999999999999996
9627,CA-2021-103520,2021-09-23,2021-09-25,First Class,MH-17785,Maya Herman,Corporate,United States,Lubbock,Texas,79424,Central,OFF-PA-10001846,Office Supplies,Paper,Xerox 1899,9.248000000000001,2,0.2,3.3524000000000003
9656,CA-2018-156160,2018-09-22,2018-09-29,Standard Class,AS-10090,Adam Shillingsburg,Consumer,United States,New York City,New York,10035,East,FUR-FU-10001876,Furniture,Furnishings,"Computer Room Manger, 14""",97.44,3,0,35.078399999999995
9657,CA-2018-156160,2018-09-22,2018-09-29,Standard Class,AS-10090,Adam Shillingsburg,Consumer,United States,New York City,New York,10035,East,OFF-BI-10003355,Office Supplies,Binders,Cardinal Holdit Business Card Pockets,3.9840000000000004,1,0.2,1.3944
9658,CA-2018-156160,2018-09-22,2018-09-29,Standard Class,AS-10090,Adam Shillingsburg,Consumer,United States,New York City,New York,10035,East,OFF-AR-10003876,Office Supplies,Art,"Avery Hi-Liter GlideStik Fluorescent Highlighter, Yellow Ink",13.04,4,0,5.7376000000000005
9659,CA-2018-156160,2018-09-22,2018-09-29,Standard Class,AS-10090,Adam Shillingsburg,Consumer,United States,New York City,New York,10035,East,FUR-CH-10004983,Furniture,Chairs,Office Star - Mid Back Dual function Ergonomic High Back Chair with 2-Way Adjustable Arms,579.528,4,0.1,83.70959999999997
9796,CA-2020-125920,2020-05-21,2020-05-28,Standard Class,SH-19975,Sally Hughsby,Corporate,United States,Chicago,Illinois,60610,Central,OFF-BI-10003429,Office Supplies,Binders,"Cardinal HOLDit! Binder Insert Strips,Extra Strips",3.797999999999999,3,0.8,-5.886900000000001
9922,CA-2018-111360,2018-11-24,2018-11-30,Standard Class,AT-10435,Alyssa Tate,Home Office,United States,Akron,Ohio,44312,East,OFF-BI-10003350,Office Supplies,Binders,Acco Expandable Hanging Binders,5.742000000000001,3,0.7,-4.593599999999999
