date_key,full_date,year,quarter,month,year_month,day_of_week,is_weekend
20180522,2018-05-22,2018,2,5,2018-05,3,0
20180606,2018-06-06,2018,2,6,2018-06,4,0
20180922,2018-09-22,2018,3,9,2018-09,7,1
20181009,2018-10-09,2018,4,10,2018-10,3,0
20181025,2018-10-25,2018,4,10,2018-10,5,0
20181124,2018-11-24,2018,4,11,2018-11,7,1
20190305,2019-03-05,2019,1,3,2019-03,3,0
20190921,2019-09-21,2019,3,9,2019-09,7,1
20190926,2019-09-26,2019,3,9,2019-09,5,0
20191110,2019-11-10,2019,4,11,2019-11,1,1
20191119,2019-11-19,2019,4,11,2019-11,3,0
20191206,2019-12-06,2019,4,12,2019-12,6,0
20191211,2019-12-11,2019,4,12,2019-12,4,0
20200308,2020-03-08,2020,1,3,2020-03,1,1
20200413,2020-04-13,2020,2,4,2020-04,2,0
20200503,2020-05-03,2020,2,5,2020-05,1,1
20200521,2020-05-21,2020,2,5,2020-05,5,0
20200619,2020-06-19,2020,2,6,2020-06,6,0
20200624,2020-06-24,2020,2,6,2020-06,4,0
20201105,2020-11-05,2020,4,11,2020-11,5,0
20201215,2020-12-15,2020,4,12,2020-12,3,0
20210112,2021-01-12,2021,1,1,2021-01,3,0
20210708,2021-07-08,2021,3,7,2021-07,5,0
20210907,2021-09-07,2021,3,9,2021-09,3,0
20210922,2021-09-22,2021,3,9,2021-09,4,0
20210923,2021-09-23,2021,3,9,2021-09,5,0
20211027,2021-10-27,2021,4,10,2021-10,4,0
20211103,2021-11-03,2021,4,11,2021-11,4,0
20211110,2021-11-10,2021,4,11,2021-11,4,0
20211218,2021-12-18,2021,4,12,2021-12,7,1
20211219,2021-12-19,2021,4,12,2021-12,1,1
20211225,2021-12-25,2021,4,12,2021-12,7,1
