line_id,order_id,order_date_key,order_date,ship_date,customer_key,product_key,geo_key,ship_mode_key,ship_days,sales,list_sales,quantity,discount,discount_band,profit,profit_margin,is_loss_line,returned_flag,is_sales_outlier_iqr3,is_profit_extreme_p1_p99
266,CA-2019-155040,20191110,2019-11-10,2019-11-15,2,55,21,3,5,79.9,79.9,2,0.0,01: 0%,35.156,0.44,0,0,0,0
941,CA-2020-105760,20200619,2020-06-19,2020-06-20,13,38,23,1,1,17.12,17.12,2,0.0,01: 0%,8.0464,0.47,0,0,0,0
1420,CA-2019-124800,20190926,2019-09-26,2019-09-30,21,39,20,3,4,86.27,107.84,4,0.2,03: 11-20%,31.2736,0.3625,0,0,0,0
1421,CA-2019-124800,20190926,2019-09-26,2019-09-30,21,20,20,3,4,72.59,241.97,2,0.7,06: >50%,-48.392,-0.6666,1,0,0,0
1422,CA-2019-124800,20190926,2019-09-26,2019-09-30,21,12,20,3,4,60.67,75.84,2,0.2,03: 11-20%,14.4096,0.2375,0,0,0,0
1423,CA-2019-124800,20190926,2019-09-26,2019-09-30,21,30,20,3,4,77.03,256.77,9,0.7,06: >50%,-59.0571,-0.7667,1,0,0,0
1424,CA-2019-124800,20190926,2019-09-26,2019-09-30,21,46,20,3,4,119.9,149.88,6,0.2,03: 11-20%,-1.4988,-0.0125,1,0,0,0
1425,CA-2019-124800,20190926,2019-09-26,2019-09-30,21,59,20,3,4,263.96,329.95,5,0.2,03: 11-20%,23.0965,0.0875,0,0,0,0
1426,CA-2019-124800,20190926,2019-09-26,2019-09-30,21,48,20,3,4,363.65,454.56,4,0.2,03: 11-20%,-86.3664,-0.2375,1,0,0,0
1442,CA-2021-128160,20211219,2021-12-19,2021-12-24,17,21,23,2,5,36.67,45.84,2,0.2,03: 11-20%,11.46,0.3125,0,0,0,0
1674,CA-2019-150560,20191211,2019-12-11,2019-12-12,30,37,18,1,1,196.62,196.62,2,0.0,01: 0%,96.3438,0.49,0,0,0,0
2140,CA-2018-159520,20180606,2018-06-06,2018-06-11,11,29,9,3,5,149.54,186.93,9,0.2,03: 11-20%,50.4711,0.3375,0,0,0,0
2141,CA-2018-159520,20180606,2018-06-06,2018-06-11,11,49,9,3,5,17.14,17.14,2,0.0,01: 0%,4.4564,0.26,0,0,0,0
2142,CA-2018-159520,20180606,2018-06-06,2018-06-11,11,10,9,3,5,991.76,1652.93,3,0.4,05: 31-50%,-347.1174,-0.35,1,0,1,1
2152,CA-2018-167360,20181124,2018-11-24,2018-11-29,20,51,3,2,5,111.79,111.79,7,0.0,01: 0%,43.5981,0.39,0,0,0,0
2390,US-2019-127040,20191206,2019-12-06,2019-12-10,23,45,10,3,4,6.48,6.48,1,0.0,01: 0%,3.1104,0.48,0,0,0,0
2391,US-2019-127040,20191206,2019-12-06,2019-12-10,23,40,10,3,4,41.86,41.86,7,0.0,01: 0%,20.5114,0.49,0,0,0,0
2392,US-2019-127040,20191206,2019-12-06,2019-12-10,23,53,10,3,4,1619.91,1619.91,9,0.0,01: 0%,97.1946,0.06,0,0,1,0
2393,US-2019-127040,20191206,2019-12-06,2019-12-10,23,6,10,3,4,113.92,113.92,4,0.0,01: 0%,42.1504,0.37,0,0,0,0
3031,CA-2019-168480,20190921,2019-09-21,2019-09-27,7,1,2,3,6,194.32,194.32,4,0.0,01: 0%,31.0912,0.16,0,1,0,0
3032,CA-2019-168480,20190921,2019-09-21,2019-09-27,7,13,2,3,6,25.99,25.99,1,0.0,01: 0%,7.5371,0.29,0,1,0,0
3200,CA-2021-164000,20211218,2021-12-18,2021-12-22,1,16,16,3,4,18.7,23.37,7,0.2,03: 11-20%,2.338,0.125,0,0,0,0
3218,CA-2021-104640,20211110,2021-11-10,2021-11-16,9,28,11,3,6,931.18,1163.97,3,0.2,03: 11-20%,314.2719,0.3375,0,0,1,1
3219,CA-2021-104640,20211110,2021-11-10,2021-11-16,9,60,11,3,6,430.88,430.88,2,0.0,01: 0%,124.9552,0.29,0,0,0,0
3268,CA-2018-143840,20180522,2018-05-22,2018-05-29,8,62,17,3,7,135.98,135.98,2,0.0,01: 0%,33.995,0.25,0,1,0,0
3269,CA-2018-143840,20180522,2018-05-22,2018-05-29,8,63,17,3,7,44.95,44.95,1,0.0,01: 0%,12.586,0.28,0,1,0,0
3698,CA-2019-151680,20191119,2019-11-19,2019-11-21,31,3,26,2,2,141.96,141.96,2,0.0,01: 0%,22.7136,0.16,0,0,0,0
4152,CA-2021-100160,20210907,2021-09-07,2021-09-11,5,36,16,3,4,29.24,36.55,5,0.2,03: 11-20%,9.8685,0.3375,0,0,0,0
4153,CA-2021-100160,20210907,2021-09-07,2021-09-11,5,43,16,3,4,15.55,19.44,3,0.2,03: 11-20%,5.4432,0.35,0,0,0,0
4154,CA-2021-100160,20210907,2021-09-07,2021-09-11,5,33,16,3,4,4.9,6.13,3,0.2,03: 11-20%,1.6524,0.3372,0,0,0,0
4704,CA-2020-166240,20200624,2020-06-24,2020-06-28,6,11,6,3,4,8.71,43.55,2,0.8,06: >50%,-19.602,-2.2505,1,0,0,0
5329,CA-2019-120320,20190305,2019-03-05,2019-03-09,18,58,5,3,4,31.92,39.9,2,0.2,03: 11-20%,2.394,0.075,0,0,0,0
5700,CA-2021-148320,20211103,2021-11-03,2021-11-08,19,42,22,3,5,35.88,35.88,6,0.0,01: 0%,17.5812,0.49,0,0,0,0
5707,CA-2021-136000,20210922,2021-09-22,2021-09-25,22,31,10,2,3,40.18,50.22,3,0.2,03: 11-20%,14.5638,0.3625,0,0,0,0
5900,CA-2021-108000,20210112,2021-01-12,2021-01-16,14,34,23,3,4,9.78,9.78,1,0.0,01: 0%,4.89,0.5,0,0,0,0
6129,US-2018-158400,20181025,2018-10-25,2018-10-28,1,23,22,1,3,49.41,61.76,4,0.2,03: 11-20%,18.528,0.375,0,0,0,0
6807,CA-2021-162880,20211225,2021-12-25,2021-12-29,10,24,25,3,4,3.86,4.82,1,0.2,03: 11-20%,1.3978,0.3621,0,0,0,0
7775,CA-2020-152800,20200413,2020-04-13,2020-04-15,29,33,22,1,2,6.12,6.12,3,0.0,01: 0%,2.8764,0.47,0,0,0,0
8047,CA-2020-113600,20201215,2020-12-15,2020-12-17,25,19,14,2,2,2.21,7.37,3,0.7,06: >50%,-1.476,-0.6679,1,0,0,0
8405,CA-2021-140480,20210708,2021-07-08,2021-07-12,12,7,8,3,4,83.92,83.92,4,0.0,01: 0%,5.8744,0.07,0,0,0,0
8406,CA-2021-140480,20210708,2021-07-08,2021-07-12,12,52,8,3,4,141.9,141.9,5,0.0,01: 0%,58.179,0.41,0,0,0,0
8407,CA-2021-140480,20210708,2021-07-08,2021-07-12,12,4,8,3,4,39.98,39.98,2,0.0,01: 0%,9.1954,0.23,0,0,0,0
8408,CA-2021-140480,20210708,2021-07-08,2021-07-12,12,14,8,3,4,28.91,28.91,7,0.0,01: 0%,8.673,0.3,0,0,0,0
8409,CA-2021-140480,20210708,2021-07-08,2021-07-12,12,18,8,3,4,174.95,174.95,5,0.0,01: 0%,45.487,0.26,0,0,0,0
8477,CA-2021-134880,20211027,2021-10-27,2021-11-01,32,44,20,3,5,44.78,55.98,1,0.2,03: 11-20%,16.2342,0.3625,0,0,0,0
8506,CA-2020-130400,20200308,2020-03-08,2020-03-12,26,22,4,3,4,8.86,44.3,9,0.8,06: >50%,-14.1696,-1.5993,1,0,0,0
8507,CA-2020-130400,20200308,2020-03-08,2020-03-12,26,56,4,3,4,27.96,34.95,5,0.2,03: 11-20%,8.388,0.3,0,0,0,0
8508,CA-2020-130400,20200308,2020-03-08,2020-03-12,26,32,4,3,4,146.35,182.94,3,0.2,03: 11-20%,49.3938,0.3375,0,0,0,0
8963,CA-2020-157280,20201105,2020-11-05,2020-11-07,15,9,19,1,2,273.96,273.96,2,0.0,01: 0%,71.2296,0.26,0,1,0,0
8964,CA-2020-157280,20201105,2020-11-05,2020-11-07,15,50,19,1,2,89.97,89.97,3,0.0,01: 0%,18.8937,0.21,0,1,0,0
8965,CA-2020-157280,20201105,2020-11-05,2020-11-07,15,8,19,1,2,756.8,756.8,5,0.0,01: 0%,75.68,0.1,0,1,1,0
9459,CA-2018-138240,20181009,2018-10-09,2018-10-14,27,15,24,3,5,144.6,144.6,3,0.0,01: 0%,41.934,0.29,0,0,0,0
9460,CA-2018-138240,20181009,2018-10-09,2018-10-14,27,61,24,3,5,15.99,19.99,1,0.2,03: 11-20%,-2.9985,-0.1875,1,0,0,0
9559,CA-2020-129280,20200503,2020-05-03,2020-05-05,28,54,15,1,2,132.52,165.65,5,0.2,03: 11-20%,34.7865,0.2625,0,0,0,0
9560,CA-2020-129280,20200503,2020-05-03,2020-05-05,28,47,15,1,2,195.64,244.55,5,0.2,03: 11-20%,-44.019,-0.225,1,0,0,0
9561,CA-2020-129280,20200503,2020-05-03,2020-05-05,28,5,15,1,2,51.97,64.96,2,0.2,03: 11-20%,10.3936,0.2,0,0,0,0
9562,CA-2020-129280,20200503,2020-05-03,2020-05-05,28,53,15,1,2,431.98,539.98,3,0.2,03: 11-20%,-75.5958,-0.175,1,0,0,0
9563,CA-2020-129280,20200503,2020-05-03,2020-05-05,28,57,15,1,2,224.94,749.8,3,0.7,06: >50%,-164.9538,-0.7333,1,0,0,0
9564,CA-2020-129280,20200503,2020-05-03,2020-05-05,28,35,15,1,2,6.0,7.5,2,0.2,03: 11-20%,2.1,0.35,0,0,0,0
9627,CA-2021-103520,20210923,2021-09-23,2021-09-25,16,41,7,1,2,9.25,11.56,2,0.2,03: 11-20%,3.3524,0.3624,0,0,0,0
9656,CA-2018-156160,20180922,2018-09-22,2018-09-29,3,5,12,3,7,97.44,97.44,3,0.0,01: 0%,35.0784,0.36,0,0,0,0
9657,CA-2018-156160,20180922,2018-09-22,2018-09-29,3,26,12,3,7,3.98,4.97,1,0.2,03: 11-20%,1.3944,0.3504,0,0,0,0
9658,CA-2018-156160,20180922,2018-09-22,2018-09-29,3,17,12,3,7,13.04,13.04,4,0.0,01: 0%,5.7376,0.44,0,0,0,0
9659,CA-2018-156160,20180922,2018-09-22,2018-09-29,3,2,12,3,7,579.53,643.92,4,0.1,02: 1-10%,83.7096,0.1444,0,0,1,0
9796,CA-2020-125920,20200521,2020-05-21,2020-05-28,24,27,1,3,7,3.8,19.0,3,0.8,06: >50%,-5.8869,-1.5492,1,0,0,0
9922,CA-2018-111360,20181124,2018-11-24,2018-11-30,4,25,13,3,6,5.74,19.13,3,0.7,06: >50%,-4.5936,-0.8003,1,0,0,0
